{
    "TestEffortEstimationtutorial": {
        "accuracies": [
            0.8006280494134745,
            0.8025060476423898,
            0.8146438446843306,
            0.7981948346039475,
            0.7696584293537027,
            0.7866139862466563,
            0.7816736078835009,
            0.7558415748207328,
            0.7388101468657637,
            0.6608827509545214,
            0.6814840130629605
        ],
        "precisions": [
            0.9443106039259885,
            0.9489144829529446,
            0.9575777214238753,
            0.9109125391912277,
            0.9261618832485973,
            0.9099876899057228,
            0.9249563820018365,
            0.912508472167563,
            0.8962389198103483,
            0.7645316804407714,
            0.776540404040404
        ],
        "recalls": [
            0.8240300119557086,
            0.823849814483894,
            0.8313461820654009,
            0.8337943310038297,
            0.7955615057101659,
            0.8190988798754749,
            0.8089225910749974,
            0.7779929731216495,
            0.7751951946279676,
            0.7387429489702217,
            0.785515873015873
        ],
        "f1s": [
            0.8660533481798337,
            0.8672322531265048,
            0.8763511582020933,
            0.8614754261671355,
            0.8381015427044445,
            0.852858472371157,
            0.8511424273681356,
            0.8243746003030754,
            0.8115167662370227,
            0.723897018014665,
            0.7551668535589853
        ],
        "percentages": [
            0,
            10,
            20,
            30,
            40,
            50,
            60,
            70,
            80,
            90,
            99
        ]
    },
    "rxjava-jdbc": {
        "accuracies": [
            0.8589564974682509,
            0.8589594660630225,
            0.8619380954877294,
            0.8772625406015276,
            0.8714533711150425,
            0.8922895158242093,
            0.8873697901562649,
            0.9082360267203958,
            0.9126803348559919,
            0.9042448911387324,
            0.8916457654562329
        ],
        "precisions": [
            0.9692393869373123,
            0.9684235824855352,
            0.96847141979458,
            0.9588093642345931,
            0.9598510287103457,
            0.9556046158896178,
            0.9535586064986956,
            0.9522974462498187,
            0.9654570595607029,
            0.9702107383711858,
            0.9523485115858887
        ],
        "recalls": [
            0.8803242922835081,
            0.88091198521532,
            0.8838816406906346,
            0.9087837179870685,
            0.9018271480946211,
            0.9295375785383065,
            0.9265163500065301,
            0.9473471185999722,
            0.9417344081676498,
            0.9272606766558498,
            0.933554427982866
        ],
        "f1s": [
            0.9116419284180765,
            0.9116139195276601,
            0.9136003368181141,
            0.9235242791266183,
            0.9200188830718803,
            0.9342891716110925,
            0.9306119281748024,
            0.9436188516665435,
            0.9463950079558467,
            0.9405305495244669,
            0.9339117731181923
        ],
        "percentages": [
            0,
            10,
            20,
            30,
            40,
            50,
            60,
            70,
            80,
            90,
            99
        ]
    },
    "Asterisk-Java": {
        "accuracies": [
            0.8574945508159771,
            0.8639297183085463,
            0.8421797678047674,
            0.8387221199822414,
            0.7615373467992332,
            0.7535724154157518,
            0.7349393382312502,
            0.7164915655659466,
            0.6853260858773861,
            0.7001363284519945,
            0.6853716654094811
        ],
        "precisions": [
            0.8953454853219031,
            0.9029764285107748,
            0.8831856149801064,
            0.8966703088399673,
            0.887203517436572,
            0.8299872329309277,
            0.8790196036276772,
            0.8809676357570018,
            0.9091222135583539,
            0.9030295382301589,
            0.9090966105510996
        ],
        "recalls": [
            0.9285549442229727,
            0.92639887248429,
            0.9211023574557887,
            0.9031133264778001,
            0.8134459862456364,
            0.8515086298749418,
            0.7855871157391975,
            0.7619903319406384,
            0.694553780965173,
            0.720591834167192,
            0.6946229200162404
        ],
        "f1s": [
            0.8964116060614994,
            0.898950725644376,
            0.8820700007852778,
            0.8790685440708276,
            0.819593282616225,
            0.8077124126826893,
            0.7950707526880321,
            0.7820906582797978,
            0.7574855740903578,
            0.7695910535030966,
            0.7575406994934532
        ],
        "percentages": [
            0,
            10,
            20,
            30,
            40,
            50,
            60,
            70,
            80,
            90,
            99
        ]
    }
}